Investors,Empresa,Ftype
Bozano Investimentos,Bom Consórcio,Seed
Kaszek Ventures,Escale,Series C
Redpoint eventures,Escale,Series C
Inseed Investimentos,Carenet Longevity,Series A
Kaszek Ventures,The Not Company,Series A
IGNIA,Fondeadora,Seed
Mountain Nazca,Destácame,Series A
Magma Partners,Nuweba,Seed
IGNIA,Rapyd,Series B
DGF Investimentos,Adianta,Venture - Series Unknown
Kaszek Ventures,Agilis,Series A
DILA Capital,Crehana,Series A
Mountain Nazca,Crehana,Series A
Monashees,WEEL,Series B
Inseed Investimentos,VarejOnline,Series A
e.Bricks Ventures,Contabilizei,Series B
Kaszek Ventures,Contabilizei,Series B
Quona Capital,Contabilizei,Series B
Mountain Nazca,albo,Series A
Omidyar Network,albo,Series A
Angel Ventures,B2Link,Venture - Series Unknown
IGNIA,Arcus,Series A
Angel Ventures,Citysense Co.,Seed
Mercado Libre Fund,Liftit,Series A
Monashees,Liftit,Series A
DGF Investimentos,Gesto Saúde e Tecnologia,Series B
Redpoint eventures,Gesto Saúde e Tecnologia,Series B
DILA Capital,BEWE (formerly miora),Venture - Series Unknown
Mountain Nazca,BEWE (formerly miora),Venture - Series Unknown
IGNIA,Lentesplus,Series C
Kaszek Ventures,QuintoAndar,Series C
Monashees,EmCasa,Series A
Mountain Nazca,MOMENTUS,Seed
IGNIA,UnDosTres,Series A
IGNIA,Takeoff Tech,Series B
Astella Investimentos,Bom Pra Crédito,Series A
Kaszek Ventures,Loggi,Series D
IGNIA,Trendier,Series B
Magma Partners,Base Operations,Seed
DILA Capital,Dvdendo,Series A
Inseed Investimentos,Justto,Series A
Monashees,BizCapital,Series A
Quona Capital,BizCapital,Series A
Astella Investimentos,Omiexperience,Series A
Monashees,Yellow,Series A
e.Bricks Ventures,Ambar Technologies,Series A
Inseed Investimentos,Sellbie,Series A
DILA Capital,Kinedu,Series A
IGNIA,Kinedu,Series A
Promotora Social México,Kinedu,Series A
Aurus,MineSense Technologies,Series D
Magma Partners,OmniBnk,Seed
DGF Investimentos,Birdie,Pre-Seed
Investo,Grin Scooters,Seed
Monashees,Grin Scooters,Seed
Velum Ventures,FLUVIP,Series A
Inseed Investimentos,OneGrid,Series A
Magma Partners,Rebus Technology,Seed
Monashees,REBEL,Series A
Kaszek Ventures,Kavak,Funding Round
Inseed Investimentos,Cinnecta,Series A
e.Bricks Ventures,Arquivei,Series A
Monashees,Grin Scooters,Seed
SP Ventures,SpecLab,Venture - Series Unknown
Kaszek Ventures,Konfio,Series C
Quona Capital,Konfio,Series C
Confrapar,Flapper Technologies,Seed
Angel Ventures,SeguroSimple.com,Venture - Series Unknown
Monashees,Volanty,Series A
IGNIA,Rapyd,Series B
Monashees,Frubana,Seed
Bozano Investimentos,PaggCerto,Seed
Bozano Investimentos,SpumeNews,Seed
Monashees,Yellow,Seed
Aurus,Capitalizarme,Venture - Series Unknown
Magma Partners,CryptoMKT,Seed
IGNIA,Credijusto,Series B
Kaszek Ventures,Credijusto,Series B
Kaszek Ventures,Hash Lab,Series A
Inseed Investimentos,BluePex,Series A
Inseed Investimentos,Intergado,Series A
Monashees,back4app,Seed
Monashees,Neon,Series A
Omidyar Network,Neon,Series A
Quona Capital,Neon,Series A
Mercado Libre Fund,Mandaê,Series B
Monashees,Mandaê,Series B
Performa Investimentos,Mandaê,Series B
IGNIA,Trendier,Seed
IGNIA,Sr.Pago,Series B
Bozano Investimentos,Yller,Seed
Bozano Investimentos,Convenia,Venture - Series Unknown
Confrapar,Hands Mobile Advertising,Venture - Series Unknown
Monashees,Magnetis,Series A
Redpoint eventures,Magnetis,Series A
DGF Investimentos,Reclame Aqui,Series A
e.Bricks Ventures,Editora Sanar,Series A
Vox Capital,Editora Sanar,Series A
Redpoint eventures,Olist,Series B
Monashees,Yellow,Seed
Kaszek Ventures,Tienda Pago,Series A
IGNIA,Virket,Seed
Bozano Investimentos,Rede Oba Hortifruti,Private Equity
Bozano Investimentos,Altave,Venture - Series Unknown
Redpoint eventures,Pipefy,Series A
Inseed Investimentos,Smartbreeder,Series A
e.Bricks Ventures,Vérios,Series A
Monashees,Idwall,Series A
Magma Partners,Workep,Seed
DILA Capital,Ben & Frank,Seed
DILA Capital,Urbvan,Convertible Note
IGNIA,Lentesplus,Series C
Kaszek Ventures,Escale,Series B
Redpoint eventures,Escale,Series B
Inseed Investimentos,Playmove,Series A
Redpoint eventures,Rappi,Series C
Inseed Investimentos,Zazcar,Venture - Series Unknown
Investo,Runa HR,Seed
Magma Partners,The Podcast App,Seed
Bozano Investimentos,Siteware,Seed
Bozano Investimentos,EZ Commerce,Seed
Monashees,LOFT BR,Series A
Bozano Investimentos,Hospital Vera Cruz,Private Equity
Bozano Investimentos,Caelum,Venture - Series Unknown
Alaya Capital Partners,123Seguro,Seed
Mercado Libre Fund,123Seguro,Seed
Kaszek Ventures,Digital House,Series B
Omidyar Network,Digital House,Series B
Kaszek Ventures,Creditas,Series C
Quona Capital,Creditas,Series C
Mountain Nazca,1DOC3,Seed
Kaszek Ventures,The Not Company,Series A
Confrapar,Ingresse,Series B
DILA Capital,Kinedu,Convertible Note
Promotora Social México,Kinedu,Convertible Note
IGNIA,DogHero,Series B
Kaszek Ventures,DogHero,Series B
Monashees,DogHero,Series B
Mercado Libre Fund,Ingresse,Private Equity
Redpoint eventures,uAvionix,Series B
Mercado Libre Fund,TROCAFONE,Venture - Series Unknown
IGNIA,Arcus,Series A
Kaszek Ventures,Docket,Series A
Confrapar,Oxis Energy,Series E
ALLVP,VISOR ADL,Seed
IGNIA,VISOR ADL,Seed
Bozano Investimentos,Vindi,Series A
Mercado Libre Fund,Zoco,Convertible Note
Investo,Solugen,Seed
IGNIA,Abra,Series B
Aurus,EchoPixel,Series A
Mountain Nazca,ESCALA EDUCACION,Seed
Kaszek Ventures,Konfio,Series B
Quona Capital,Konfio,Series B
Confrapar,Altave,Series A
Bozano Investimentos,Nerus,Seed
Bozano Investimentos,Chipus Microelectronics,Seed
Mercado Libre Fund,BuscaLibre,Convertible Note
Inseed Investimentos,Knewin,Series A
Monashees,REBEL,Seed
Kaszek Ventures,Liv Up,Series A
Magma Partners,PleIQ Smart Toys,Seed
IGNIA,Bind ERP,Series A
IGNIA,Finnovista,Venture - Series Unknown
Monashees,Neoway,Series C
Criatec 2,Vindi,Series A
Investo,Public Goods,Seed
Inseed Investimentos,SVATech,Series A
Inseed Investimentos,Decision6,Series A
Inseed Investimentos,DeviceLab,Series A
DILA Capital,Camino Financial,Convertible Note
IGNIA,Underdog,Seed
Investo,bxblue,Seed
Investo,Disclosures.io,Seed
ALLVP,Apli,Seed
IGNIA,Apli,Seed
Mercado Libre Fund,AlephCRM,Convertible Note
Monashees,Bluesmart,Product Crowdfunding
e.Bricks Ventures,S4,Series A
IGNIA,Lentesplus,Series B
Monashees,Méliuz,Series B
Magma Partners,FounderList,Seed
Elevar Equity,Afluenta,Series B
IGNIA,Afluenta,Series B
Monashees,WEEL,Series A
Investo,Skyways,Seed
Angel Ventures,Rocket.La,Series A
IGNIA,Rocket.La,Series A
Bozano Investimentos,In Forma Software,Seed
Bozano Investimentos,Compass,Seed
Investo,Kiwi Campus,Seed
Elevar Equity,Tienda Nube,Series B
IGNIA,Tienda Nube,Series B
Kaszek Ventures,Tienda Nube,Series B
DGF Investimentos,Intellibrand,Venture - Series Unknown
Monashees,Neoway,Series B
Investo,Payit,Seed
Astella Investimentos,Bom Pra Crédito,Seed
SP Ventures,Bom Pra Crédito,Seed
SP Ventures,Promip,Venture - Series Unknown
Mountain Nazca,Alta Motors,Series C
Criatec 2,Konduto,Venture - Series Unknown
IGNIA,KarmaPulse,Seed
Monashees,back4app,Seed
Investo,100 Ladrillos,Seed
Redpoint eventures,Nibo,Series A
Bozano Investimentos,Convenia,Seed
Criatec 2,Convenia,Seed
ALLVP,Cornershop,Series B
Bozano Investimentos,Confiance Medical S/A,Seed
Criatec 2,Confiance Medical S/A,Seed
Investo,Pulse Q&A,Seed
Mountain Nazca,Creze,Series A
Magma Partners,OmniBnk,Seed
Magma Partners,GroupRaise,Seed
Inseed Investimentos,CowMed,Series A
IGNIA,Sr.Pago,Series A
ALLVP,Aplazame,Seed
Inseed Investimentos,Viridis Energy,Series A
SP Ventures,Horus Aeronaves,Series A
Kaszek Ventures,Dr.Consulta,Series C
Omidyar Network,Dr.Consulta,Series C
Investo,Returnbase,Venture - Series Unknown
SP Ventures,Aegro,Series A
ALLVP,weex,Series A
Investo,Speak,Seed
Investo,Bios,Seed
Investo,Boxouse,Seed
Monashees,Idwall,Seed
Mountain Nazca,Luuna,Series A
Investo,Skyways,Seed
Angel Ventures,Inventive Power,Series A
Magma Partners,Awesome Jobs,Seed
Mountain Nazca,Human Inc,Series A
Aurus,MineSense Technologies,Series C
Investo,Bulletin,Seed
Kaszek Ventures,Creditas,Series B
Quona Capital,Creditas,Series B
Redpoint eventures,Creditas,Series B
ALLVP,Enlight México,Series B
Bozano Investimentos,Epitrack,Seed
Bozano Investimentos,Bling,Seed
Kaszek Ventures,Digital House,Series A
Monashees,Bluesmart,Series A
Mountain Nazca,Bluesmart,Series A
Velum Ventures,OFI,Series A
Elevar Equity,Airtm,Seed
IGNIA,Airtm,Seed
IGNIA,Abra,Series B
DILA Capital,Urbvan,Seed
Mountain Nazca,Urbvan,Seed
Mountain Nazca,Destácame,Seed
ALLVP,Alkanza,Series A
Monashees,99,Series C
Redpoint eventures,Olist,Convertible Note
Mountain Nazca,Petsy,Venture - Series Unknown
Magma Partners,Keteka,Seed
Monashees,Memed,Series A
Redpoint eventures,Memed,Series A
Redpoint eventures,Escale,Series A
Alta Ventures Mexico,Converus,Venture - Series Unknown
Angel Ventures,IguanaFix,Series B
Investo,Rappi,Series B
Monashees,Rappi,Series B
Redpoint eventures,Rappi,Series B
Mountain Nazca,Creze,Seed
Mountain Nazca,TappTime,Seed
IGNIA,Pangea Money Transfer,Series B
Monashees,Méliuz,Series A
Investo,Wright Electric Airplanes,Seed
Redpoint eventures,Pismo,Series A
Angel Ventures,clickOnero,Series A
Mountain Nazca,Alta Motors,Series B
IGNIA,Sr.Pago,Seed
Monashees,Rappi,Series A
e.Bricks Ventures,Infracommerce,Series C
DGF Investimentos,RD Station,Series C
Redpoint eventures,RD Station,Series C
Mountain Nazca,Merqueo,Seed
Velum Ventures,Merqueo,Seed
IGNIA,Underdog,Seed
Bozano Investimentos,Konduto,Seed
Velum Ventures,Acsendo,Seed
Confrapar,Muxi,Series B
Mountain Nazca,Miroculus,Series A
Mountain Nazca,Recorrido,Seed
Bozano Investimentos,Vindi,Series A
Criatec 2,Vindi,Series A
ALLVP,Nubity,Series A
Velum Ventures,Busqo,Seed
Angel Ventures,VRTIFY,Venture - Series Unknown
Mountain Nazca,Babytuto,Venture - Series Unknown
Aurus,MineSense Technologies,Series B
Angel Ventures,Nube,Seed
Investo,Upgraded Technologies,Seed
e.Bricks Ventures,Contabilizei,Series A
Kaszek Ventures,Contabilizei,Series A
Investo,Livement,Seed
Mountain Nazca,BANDIT,Seed
Bozano Investimentos,Vindi,Seed
Criatec 2,Vindi,Seed
ALLVP,Dentalia,Series B
Monashees,BizCapital,Seed
Bozano Investimentos,OnCase,Seed
Bozano Investimentos,In Forma Software,Seed
Criatec 2,In Forma Software,Seed
Investo,Billpocket,Convertible Note
Investo,Cambly,Seed
Monashees,Cambly,Seed
Mountain Nazca,Kavak,Seed
Monashees,DogHero,Venture - Series Unknown
ALLVP,Apli,Seed
ALLVP,Enlight México,Seed
Mountain Nazca,Bluesmart,Seed
Mountain Nazca,TappTime,Seed
Monashees,zipster,Seed
Alta Ventures Mexico,Kubo.financiero,Series A
Inseed Investimentos,Oxi Ambiental,Series A
Mountain Nazca,Alephants,Seed
Bozano Investimentos,NRE Educacional,Private Equity
Investo,SimpleCitizen,Seed
Monashees,Jusbrasil,Series A
Magma Partners,Slidebean,Seed
CRP Companhia de Participaçõe,uMov.me,Venture - Series Unknown
Alta Ventures Mexico,MURAL,Seed
Angel Ventures,gurucargo.com,Series A
Mountain Nazca,Human Inc,Seed
Mountain Nazca,Urbvan,Angel
Magma Partners,Pousta,Seed
Mercado Libre Fund,Clinc!,Convertible Note
Aurus,Algenis,Venture - Series Unknown
Bozano Investimentos,Nanox,Seed
Criatec 2,Nanox,Seed
Kaszek Ventures,Creditas,Series A
Quona Capital,Creditas,Series A
Redpoint eventures,Creditas,Series A
SP Ventures,InCeres,Series A
SP Ventures,Agronow Tecnologia,Series A
Magma Partners,Maker.do,Seed
ALLVP,Aplazame,Seed
Monashees,Strider,Series A
Bozano Investimentos,Medcell,Private Equity
Bozano Investimentos,Joy Street,Seed
Criatec 2,Joy Street,Seed
Magma Partners,AmberAds,Seed
Kaszek Ventures,Konfio,Series A
Quona Capital,Konfio,Series A
SP Ventures,Agrosmart,Seed
Redpoint eventures,Skore,Seed
Kaszek Ventures,GuiaBolso,Series C
e.Bricks Ventures,AppProva,Series A
Mountain Nazca,Nubleer Media,Series A
Redpoint eventures,Rappi,Seed
Bozano Investimentos,Chipus Microelectronics,Seed
Bozano Investimentos,Compass,Seed
Criatec 2,Compass,Seed
Velum Ventures,Boxi Sleep,Seed
Angel Ventures,Tu Canton,Venture - Series Unknown
DILA Capital,Tu Canton,Venture - Series Unknown
Confrapar,ChefsClub,Series B
e.Bricks Ventures,Rock Content,Series A
Kaszek Ventures,Guiche Virtual,Series A
Investo,Beek,Seed
Inseed Investimentos,CHP Brasil,Series A
Mountain Nazca,Human Inc,Seed
Angel Ventures,Kueski,Series A
ALLVP,Cornershop,Series A
Bozano Investimentos,Passei Direto,Series B
IGNIA,Procesa Chiapas,Venture - Series Unknown
Mountain Nazca,Destácame,Seed
Confrapar,BlueOpex,Series B
Mountain Nazca,Luuna,Seed
Investo,Unima,Seed
Mercado Libre Fund,Producteca,Seed
Monashees,Mandaê,Series A
Magma Partners,Jooycar,Seed
Kaszek Ventures,Dr.Consulta,Series B
Magma Partners,AmberAds,Seed
Investo,Asistia,Seed
DILA Capital,iVoy,Series A
Angel Ventures,Onko Solutions,Series A
Promotora Social México,Onko Solutions,Series A
ALLVP,weex,Series A
Magma Partners,Bankity,Seed
Kaszek Ventures,QuintoAndar,Series A
Mountain Nazca,MisAbogados.com,Seed
DGF Investimentos,WebRadar,Venture - Series Unknown
Aurus,EchoPixel,Venture - Series Unknown
ALLVP,Salud Fácil,Venture - Series Unknown
Redpoint eventures,Pipefy,Venture - Series Unknown
Mountain Nazca,Platzi,Seed
Omidyar Network,Platzi,Seed
Kaszek Ventures,Nubank,Series C
Redpoint eventures,Olist,Series A
Bozano Investimentos,EZ Commerce,Seed
Angel Ventures,Rocket.La,Seed
Investo,Arcus,Seed
Mercado Libre Fund,Meloncargo,Convertible Note
ALLVP,Salud Fácil,Series B
Angel Ventures,Salud Fácil,Series B
Investo,HigherMe,Seed
DGF Investimentos,Ingresse,Series B
e.Bricks Ventures,Ingresse,Series B
Bozano Investimentos,Pinmypet,Seed
Aurus,ClubVenta,Venture - Series Unknown
SP Ventures,Moneto,Seed
Alta Ventures Mexico,Clip,Series A
Angel Ventures,Clip,Series A
Investo,PingStamp,Seed
Angel Ventures,OSOM,Seed
Bozano Investimentos,Dot Legend,Seed
Criatec 2,Dot Legend,Seed
Bozano Investimentos,Fumajet,Seed
Aurus,BuscaLibre,Venture - Series Unknown
Velum Ventures,Merqueo,Venture - Series Unknown
ALLVP,VISOR ADL,Seed
Criatec 2,EZ Commerce,Venture - Series Unknown
ALLVP,Cornershop,Seed
ALLVP,Farmacias Personalizadas,Series B
Astella Investimentos,Itaro,Series B
Magma Partners,S-Save,Seed
Bozano Investimentos,Yller,Seed
Criatec 2,Yller,Seed
Monashees,Neoway,Series A
Monashees,Kickoff,Seed
Angel Ventures,VRTIFY,Seed
Kaszek Ventures,Tienda Nube,Series A
Inseed Investimentos,Akmey Biotecnologia Têxtil,Series A
Magma Partners,PropertySimple,Seed
ALLVP,Estrategia Energía Eléctrica,Seed
Mountain Nazca,BEWE (formerly miora),Venture - Series Unknown
DGF Investimentos,Geofusion,Private Equity
Angel Ventures,Rocket.La,Seed
Mountain Nazca,Drivin,Seed
Mercado Libre Fund,Real Trends,Convertible Note
Angel Ventures,Parrable,Series A
Kaszek Ventures,Nuvem Shop,Series A
Astella Investimentos,Omiexperience,Venture - Series Unknown
Angel Ventures,IguanaFix,Series A
Bozano Investimentos,Cliever,Seed
e.Bricks Ventures,ERPFlex,Series A
Investo,Tab,Seed
SP Ventures,Genotyping,Series A
Mountain Nazca,Nubleer Media,Seed
Confrapar,Nutrebem,Venture - Series Unknown
Angel Ventures,Kueski,Series A
Bozano Investimentos,Hive,Seed
Criatec 2,Hive,Seed
CRP Companhia de Participaçõe,ALavadeira,Series A
Kaszek Ventures,DogHero,Seed
Monashees,Memed,Funding Round
Redpoint eventures,Memed,Funding Round
Aurus,Algenis,Venture - Series Unknown
e.Bricks Ventures,GuiaBolso,Series B
Kaszek Ventures,GuiaBolso,Series B
Omidyar Network,GuiaBolso,Series B
Kaszek Ventures,Xerpa,Venture - Series Unknown
Redpoint eventures,Xerpa,Venture - Series Unknown
Investo,Oolu,Seed
Angel Ventures,Inventive Power,Venture - Series Unknown
Velum Ventures,Colchones REM,Seed
Investo,BRIGHT,Seed
Quona Capital,Creditas,Series A
Redpoint eventures,Creditas,Series A
Mercado Libre Fund,Ecommet,Convertible Note
Velum Ventures,Colppy,Seed
Monashees,Magnetis,Seed
Redpoint eventures,Magnetis,Seed
Mercado Libre Fund,Ibushak,Convertible Note
Mercado Libre Fund,00K E-Commerce Tools,Convertible Note
Bozano Investimentos,Visent,Seed
Criatec 2,Visent,Seed
Redpoint eventures,123Reformei,Seed
Redpoint eventures,Pipefy,Seed
Astella Investimentos,RD Station,Series B
DGF Investimentos,RD Station,Series B
Redpoint eventures,RD Station,Series B
Investo,ShiftLabs,Seed
Redpoint eventures,PSafe Technology,Series D
ALLVP,Cornershop,Seed
Angel Ventures,Inventive Power,Seed
Bozano Investimentos,HCO,Seed
Criatec 2,HCO,Seed
Bozano Investimentos,Joy Street,Seed
Criatec 2,Joy Street,Seed
Angel Ventures,gurucargo.com,Seed
Bozano Investimentos,Brasil Ozônio,Seed
Criatec 2,Brasil Ozônio,Seed
DILA Capital,Econduce,Seed
Kaszek Ventures,Contabilizei,Seed
Kaszek Ventures,GetNinjas,Series B
Monashees,GetNinjas,Series B
SP Ventures,Lupeon,Series A
Monashees,Mercos,Venture - Series Unknown
Alta Ventures Mexico,Jott,Venture - Series Unknown
Monashees,Jott,Venture - Series Unknown
ALLVP,FormaFina,Seed
Redpoint eventures,FormaFina,Seed
Velum Ventures,FormaFina,Seed
Kaszek Ventures,Nubank,Series B
Velum Ventures,Hogaru,Angel
Mountain Nazca,TappTime,Seed
Mountain Nazca,Petsy,Venture - Series Unknown
DILA Capital,Aliada,Seed
Monashees,Pipedrive,Seed
Monashees,EduK,Series B
Kaszek Ventures,Biva,Seed
Investo,Unbabel,Seed
Angel Ventures,Tu Canton,Angel
DILA Capital,Tu Canton,Angel
Velum Ventures,Acsendo,Seed
Bozano Investimentos,Prepona,Venture - Series Unknown
Angel Ventures,SegundoHogar,Seed
Redpoint eventures,Escale,Seed
Confrapar,Oktagon Games,Series B
Mountain Nazca,Miroculus,Seed
Aurus,Junar,Series B
e.Bricks Ventures,YContent,Series A
Angel Ventures,Onko Solutions,Convertible Note
Investo,"Onlulo, Inc",Seed
Alta Ventures Mexico,Nuve,Series A
Kaszek Ventures,Dress & Go,Series A
Astella Investimentos,Smartbill Assinaturas,Series A
SP Ventures,Smartbill Assinaturas,Series A
Monashees,99,Series B
Magma Partners,ChileTrabajos,Seed
Redpoint eventures,Olist,Seed
Angel Ventures,Tu Canton,Venture - Series Unknown
DILA Capital,Tu Canton,Venture - Series Unknown
Redpoint eventures,Cortex Intelligence,Series A
Velum Ventures,Tutorya,Seed
Monashees,IntooBR,Seed
ALLVP,Médica Santa Carmen,Series A
Promotora Social México,Médica Santa Carmen,Series A
Monashees,Bluesmart,Seed
Mountain Nazca,Bluesmart,Seed
ALLVP,Estrategia Energía Eléctrica,Seed
DGF Investimentos,Mercado Eletrônico,Private Equity
Kaszek Ventures,YOP,Seed
Kaszek Ventures,YOP,Seed
ALLVP,Farmacias Personalizadas,Series A
Mercado Libre Fund,MR Presta,Seed
Angel Ventures,Bandhub,Seed
Monashees,ContaAzul,Series C
Mountain Nazca,VoxFeed,Seed
Bozano Investimentos,Ventrix,Seed
Criatec 2,Ventrix,Seed
SP Ventures,Ventrix,Seed
Confrapar,ChefsClub,Series A
e.Bricks Ventures,Me Salva!,Seed
e.Bricks Ventures,AppProva,Seed
Monashees,99,Series A
SP Ventures,NEXXTO,Series A
Bozano Investimentos,HTP Solution,Seed
Criatec 2,HTP Solution,Seed
Velum Ventures,Asegurate Facil,Seed
Angel Ventures,Venzee Technologies Inc.,Convertible Note
Astella Investimentos,Itaro,Series A
Inseed Investimentos,Tbit,Seed
DGF Investimentos,Mosyle,Seed
Criatec 2,bLive,Seed
Investo,Rappi,Seed
Investo,Redspread,Seed
CRP Companhia de Participaçõe,Carobhouse,Series A
CRP Companhia de Participaçõe,ALavadeira,Series A
Mountain Nazca,nubelo,Venture - Series Unknown
Bozano Investimentos,Siteware,Seed
Criatec 2,Siteware,Seed
Alta Ventures Mexico,Nuve,Series A
Aurus,Andes Biotechnologies,Venture - Series Unknown
Monashees,First Opinion,Series A
e.Bricks Ventures,Infracommerce,Venture - Series Unknown
DGF Investimentos,Concil,Series A
SP Ventures,Concil,Series A
ALLVP,Voy al Doc,Seed
Angel Ventures,Voy al Doc,Seed
e.Bricks Ventures,Prontmed,Seed
Aurus,Capitalizarme,Venture - Series Unknown
Mountain Nazca,Capitalizarme,Venture - Series Unknown
Mountain Nazca,Club Point,Venture - Series Unknown
Angel Ventures,Rocket.La,Seed
T2M Capital,Rocket.La,Seed
Redpoint eventures,Grupo Xango,Series B
Angel Ventures,IguanaFix,Seed
Astella Investimentos,Sophie & Juliete,Series B
Redpoint eventures,Sophie & Juliete,Series B
Bozano Investimentos,Dot Legend,Seed
Criatec 2,Dot Legend,Seed
Angel Ventures,Clip,Series A
ALLVP,Nubity,Seed
Mountain Nazca,My Sports Box,Seed
Alta Ventures Mexico,Converus,Venture - Series Unknown
ALLVP,Médica Santa Carmen,Series A
Alta Ventures Mexico,Wanderu,Series A
Investo,Pocket Supernova,Seed
Velum Ventures,OFI,Venture - Series Unknown
Kaszek Ventures,NubeliU,Seed
Redpoint eventures,PSafe Technology,Series C
Kaszek Ventures,Love Mondays,Seed
Redpoint eventures,Carreira Beauty,Seed
Redpoint eventures,BovControl,Seed
Velum Ventures,FLUVIP,Venture - Series Unknown
Angel Ventures,clickOnero,Series A
Mountain Nazca,OPI,Seed
Alta Ventures Mexico,Screenie,Convertible Note
SP Ventures,Inprenha,Series A
Investo,Paid,Seed
Alta Ventures Mexico,Technisys,Series B
Kaszek Ventures,Technisys,Series B
Inseed Investimentos,Lamiecco,Series A
Monashees,Elo7,Series C
Monashees,Runrun,Series A
Velum Ventures,bodaplanes,Seed
Monashees,Medicinia,Series A
Redpoint eventures,Medicinia,Series A
Mercado Libre Fund,Plugg.To,Convertible Note
Mercado Libre Fund,Catycan,Convertible Note
Redpoint eventures,Nibo,Series A
Kaszek Ventures,Nubank,Series A
Aurus,BuscaLibre,Venture - Series Unknown
Angel Ventures,Kueski,Seed
ALLVP,Cuídate,Series A
Confrapar,BlueOpex,Series A
e.Bricks Ventures,Levee,Seed
Monashees,Levee,Seed
Mountain Nazca,Seenapse,Seed
Mountain Nazca,Miroculus,Seed
Magma Partners,Reqlut,Seed
Confrapar,Nutrebem,Convertible Note
Mountain Nazca,TappTime,Seed
Mountain Nazca,El Telon,Seed
Mountain Nazca,Poliglota,Seed
Astella Investimentos,Itaro,Series A
Aurus,Kinostics,Venture - Series Unknown
Aurus,Levita Magnetics,Venture - Series Unknown
Investo,Hostspot,Seed
SP Ventures,Promip,Series A
Monashees,Loggi,Series A
Velum Ventures,Ciudad de Mascotas,Seed
Alta Ventures Mexico,Kubo.financiero,Seed
Velum Ventures,Cocina Mejor,Seed
Velum Ventures,Flores Y Mas,Seed
Alta Ventures Mexico,VidAngel,Seed
Alta Ventures Mexico,Clip,Convertible Note
DGF Investimentos,ADTsys Cloud Computing,Series A
DILA Capital,Shoe Lovers,Seed
e.Bricks Ventures,ZoeMob,Convertible Note
Magma Partners,Edoome,Seed
Magma Partners,Pricing Compass,Seed
Aurus,EchoPixel,Venture - Series Unknown
Mountain Nazca,INTANGIBLE INVESTMENTS,Seed
Investo,FutureLeague,Seed
Mercado Libre Fund,Real Trends,Convertible Note
Redpoint eventures,Minuto Seguros,Series B
Astella Investimentos,Omiexperience,Angel
Alta Ventures Mexico,MFM - Master Financial Management,Venture - Series Unknown
CRP Companhia de Participaçõe,Aquiris,Series A
Bozano Investimentos,QMagico,Series A
Alta Ventures Mexico,Nuve,Debt Financing
Aurus,ClickMagic,Venture - Series Unknown
e.Bricks Ventures,Infracommerce,Convertible Note
Kaszek Ventures,Grupo Netshoes,Venture - Series Unknown
e.Bricks Ventures,GuiaBolso,Series A
Kaszek Ventures,GuiaBolso,Series A
Astella Investimentos,Clicksign,Seed
Redpoint eventures,Clicksign,Seed
Aurus,ClubVenta,Venture - Series Unknown
Angel Ventures,Tu Canton,Angel
DILA Capital,Tu Canton,Angel
Monashees,Bidu,Series B
Aurus,Trigemina,Venture - Series Unknown
Alta Ventures Mexico,Ondore,Convertible Note
Alta Ventures Mexico,Space Monkey,Venture - Series Unknown
Magma Partners,ReStudio,Seed
Mercado Libre Fund,EmporioCommerce,Seed
Mercado Libre Fund,Nubimetrics,Convertible Note
ALLVP,Carrot,Series A
Investo,Cambly,Seed
Kaszek Ventures,GOintegro,Series B
Alta Ventures Mexico,Bebitos,Venture - Series Unknown
Aurus,Andes Biotechnologies,Venture - Series Unknown
Angel Ventures,Tu Canton,Seed
DILA Capital,Tu Canton,Seed
Angel Ventures,Intelimétrica,Seed
Mountain Nazca,Seahorse,Seed
Angel Ventures,Rocket.La,Convertible Note
T2M Capital,Rocket.La,Convertible Note
DGF Investimentos,Ingresse,Series A
e.Bricks Ventures,Ingresse,Series A
Redpoint eventures,Memed,Series A
Mountain Nazca,Talent Process,Seed
Alta Ventures Mexico,Space Monkey,Venture - Series Unknown
Astella Investimentos,Sophie & Juliete,Series B
Redpoint eventures,Sophie & Juliete,Series B
Alta Ventures Mexico,Oja.la,Seed
Angel Ventures,Oja.la,Seed
Investo,Oja.la,Seed
Alta Ventures Mexico,VidAngel,Seed
Mountain Nazca,Cranberry Chic,Seed
Mountain Nazca,nubelo,Seed
Alta Ventures Mexico,Energryn,Convertible Note
Mercado Libre Fund,Glamit,Venture - Series Unknown
Mountain Nazca,Glamit,Venture - Series Unknown
Alta Ventures Mexico,MFM - Master Financial Management,Venture - Series Unknown
Redpoint eventures,Nibo,Series A
Mountain Nazca,Nubleer Media,Seed
ALLVP,Gaudena,Series A
ALLVP,Petsy,Venture - Series Unknown
DILA Capital,Petsy,Venture - Series Unknown
Mountain Nazca,Petsy,Venture - Series Unknown
Redpoint eventures,PSafe Technology,Series C
Mountain Nazca,My Sports Box,Seed
Mountain Nazca,Trendyta,Seed
Aurus,Algenis,Venture - Series Unknown
Monashees,ContaAzul,Series B
Aurus,EchoPixel,Seed
Alta Ventures Mexico,Clip,Seed
Angel Ventures,Clip,Seed
Alta Ventures Mexico,Shopperception Inc,Seed
Mercado Libre Fund,Colppy,Convertible Note
ALLVP,Petsy,Series A
DILA Capital,Petsy,Series A
ALLVP,Viajamex,Seed
Alta Ventures Mexico,Ondore,Seed
Alta Ventures Mexico,Screenie,Seed
Investo,Ripio,Seed
Confrapar,Izzui,Series A
Astella Investimentos,Smartbill Assinaturas,Seed
Angel Ventures,Meridia,Seed
Inseed Investimentos,EcoSynth,Series A
Investo,cottonTracks,Seed
Redpoint eventures,FormaFina,Seed
Alta Ventures Mexico,inmobly,Seed
Alta Ventures Mexico,Oja.la,Seed
Kaszek Ventures,ComparaOnline,Series B
e.Bricks Ventures,Grupo 4vets,Debt Financing
Kaszek Ventures,Restorando,Series B
Confrapar,JobConvo,Seed
Alta Ventures Mexico,Wanderu,Seed
Aurus,Happyshop,Venture - Series Unknown
ALLVP,Prestadero,Seed
Aurus,Levita Magnetics,Venture - Series Unknown
Kaszek Ventures,Nubank,Seed
Monashees,99,Seed
Redpoint eventures,Medicinia,Series A
Kaszek Ventures,Lulu,Venture - Series Unknown
Alta Ventures Mexico,Clip,Seed
Angel Ventures,Clip,Seed
DGF Investimentos,RD Station,Series A
Angel Ventures,clickOnero,Seed
DILA Capital,clickOnero,Seed
Confrapar,Ilusis,Series A
ALLVP,Cuídate,Seed
e.Bricks Ventures,GuiaBolso,Seed
e.Bricks Ventures,eÓtica,Series A
Kaszek Ventures,Eventioz,Venture - Series Unknown
Monashees,First Opinion,Seed
Aurus,ClickMagic,Venture - Series Unknown
e.Bricks Ventures,Canal da Peça S.A.,Seed
ALLVP,Médica Santa Carmen,Series A
ALLVP,Voy al Doc,Seed
Redpoint eventures,ViajaNet,Series C
Kaszek Ventures,Beleza na Web,Series B
Aurus,PLx Pharma,Venture - Series Unknown
Monashees,EduK,Series A
Confrapar,Prova Facil,Series B
ALLVP,UHMA,Seed
ALLVP,Salud Fácil,Seed
Redpoint eventures,Minuto Seguros,Series A
Bozano Investimentos,Laticinios Sao Vincente,Private Equity
Aurus,MiniClinic,Venture - Series Unknown
Kaszek Ventures,GetNinjas,Series A
Monashees,GetNinjas,Series A
Redpoint eventures,Minutrade,Series A
DGF Investimentos,Gesto Saúde e Tecnologia,Venture - Series Unknown
Monashees,Jusbrasil,Series A
Alta Ventures Mexico,iDealResponse,Venture - Series Unknown
Confrapar,Nutrebem,Series A
Alta Ventures Mexico,Ondore,Seed
Alta Ventures Mexico,Converus,Seed
Redpoint eventures,Startupi,Seed
Angel Ventures,Clip,Seed
Monashees,olook,Series B
e.Bricks Ventures,Juv Acessórios,Seed
Alta Ventures Mexico,Bebitos,Seed
e.Bricks Ventures,YContent,Seed
Kaszek Ventures,SaferTaxi,Series B
Redpoint eventures,Passei Direto,Series A
IGNIA,Procesa Chiapas,Series C
CORFO,Deenty,Seed
Magma Partners,Deenty,Seed
Astella Investimentos,Smartbill Assinaturas,Seed
Monashees,ContaAzul,Series A
Kaszek Ventures,Kekanto,Series B
Monashees,Runrun,Series A
ALLVP,UHMA,Seed
Mercado Libre Fund,Glamit,Venture - Series Unknown
Mountain Nazca,Glamit,Venture - Series Unknown
Kaszek Ventures,VivaReal,Series B
Monashees,VivaReal,Series B
ALLVP,Gaudena,Series A
Confrapar,HelpSaúde,Series B
e.Bricks Ventures,ZoeMob,Seed
Monashees,Bidu,Series A
Alta Ventures Mexico,Gazelles Growth Institute,Seed
Alta Ventures Mexico,inmobly,Seed
Investo,String Publisher,Seed
Aurus,Algenis,Venture - Series Unknown
Investo,InstaDM,Seed
Alta Ventures Mexico,Convert Insights,Convertible Note
Astella Investimentos,Mais.im,Angel
ALLVP,Aventones,Series A
ALLVP,Gaudena,Venture - Series Unknown
ALLVP,Click,Seed
ALLVP,Cuídate,Seed
Kaszek Ventures,GOintegro,Series A
ALLVP,Carrot,Seed
Alta Ventures Mexico,Ondore,Seed
Monashees,Bidu,Seed
ALLVP,Gaudena,Series A
Kaszek Ventures,Oppa,Venture - Series Unknown
Monashees,Oppa,Venture - Series Unknown
Investo,Moshi,Seed
Redpoint eventures,Sophie & Juliete,Series A
e.Bricks Ventures,Rock Content,Seed
Aurus,EchoPixel,Venture - Series Unknown
Alta Ventures Mexico,MURAL,Seed
Aurus,ClubVenta,Venture - Series Unknown
Aurus,Splitcast Technology,Venture - Series Unknown
Aurus,Capitalizarme,Venture - Series Unknown
Kaszek Ventures,Pitzi,Series A
Alta Ventures Mexico,CitiVox,Debt Financing
Monashees,olook,Series A
Astella Investimentos,LojasKD,Series B
CRP Companhia de Participaçõe,Tecnoblu,Venture - Series Unknown
Confrapar,Oktagon Games,Series A
Kaszek Ventures,eÓtica,Series A
Aurus,Modyo,Venture - Series Unknown
Aurus,BuscaLibre,Venture - Series Unknown
Aurus,ClubVenta,Venture - Series Unknown
ALLVP,Carrot,Seed
Kaszek Ventures,MadeiraMadeira,Series A
Monashees,MadeiraMadeira,Series A
Kaszek Ventures,ComparaOnline,Series A
Aurus,Andes Biotechnologies,Venture - Series Unknown
Redpoint eventures,Minuto Seguros,Series A
Redpoint eventures,Sophie & Juliete,Series A
Bozano Investimentos,Anima Educação,Private Equity
Monashees,Elo7,Series B
Alta Ventures Mexico,MURAL,Seed
Kaszek Ventures,Restorando,Series A
Aurus,Taggify,Series A
Confrapar,BemDireto,Series A
DGF Investimentos,Ingresse,Seed
Aurus,Happyshop,Series B
Confrapar,Fisgo,Series A
Astella Investimentos,Ciatech,Series B
Redpoint eventures,Grupo Xango,Series B
Aurus,Levita Magnetics,Venture - Series Unknown
Kaszek Ventures,VivaReal,Series A
Monashees,VivaReal,Series A
Kaszek Ventures,HelpSaúde,Series A
Bozano Investimentos,Estapar,Private Equity
Confrapar,ePrimeCare,Series B
Alta Ventures Mexico,MFM - Master Financial Management,Seed
CRP Companhia de Participaçõe,Medabil,Private Equity
Alta Ventures Mexico,Convert Insights,Seed
CRP Companhia de Participaçõe,Elo,Private Equity
Kaszek Ventures,Kekanto,Series A
Kaszek Ventures,Open English,Series B
Alta Ventures Mexico,Juxta Labs,Seed
IGNIA,Provive,Venture - Series Unknown
Monashees,Baby,Series A
Confrapar,Prova Facil,Series A
Monashees,Elo7,Series A
Aurus,PLx Pharma,Venture - Series Unknown
IGNIA,Ver de Verdad,Series B
Kaszek Ventures,SaferTaxi,Series A
Aurus,ClickMagic,Venture - Series Unknown
Kaszek Ventures,Eventioz,Series A
Aurus,Bio Architecture Lab,Venture - Series Unknown
Aurus,Hadza,Venture - Series Unknown
IGNIA,Lumbrera,Series B
Omidyar Network,Lumbrera,Series B
Kaszek Ventures,GetNinjas,Seed
Monashees,GetNinjas,Seed
Monashees,olook,Seed
Kaszek Ventures,ZupCat,Venture - Series Unknown
Kaszek Ventures,PedidosYa,Seed
Aurus,Happyshop,Series A
Astella Investimentos,Dualtec,Series A
CRP Companhia de Participaçõe,Librelato Implementos Rodoviários,Private Equity
Kaszek Ventures,PetLove,Series A
Monashees,PetLove,Series A
Aurus,Alset Global,Venture - Series Unknown
Monashees,Buzzero,Series A
Alta Ventures Mexico,Rhomobile,Venture - Series Unknown
Kaszek Ventures,OQVestir,Series A
Aurus,Modyo,Venture - Series Unknown
Aurus,Junar,Venture - Series Unknown
Monashees,Mind Lab,Series B
SP Ventures,Geofusion,Series A
IGNIA,Agua Natural,Venture - Series Unknown
Primary Ventures,K Health,Series B
Alaya Capital Partners,Topic Flower SA,Seed
Alaya Capital Partners,Burn to Give,Seed
Alaya Capital Partners,Kilimo,Seed
FCP Emprendimiento e Innovación SP,ERCO,Debt Financing
Polymath Ventures,Autolab,Series A
Polymath Ventures,Autolab,Pre-Seed
FCP Emprendimiento e Innovación SP,Leal,Series A
Polymath Ventures,Aflore,Pre-Seed
Polymath Ventures,Elenas,Pre-Seed
Polymath Ventures,Táximo,Pre-Seed
Scale Capital,Zyght,Seed
Scale Capital,u-planner,Series A
Alaya Capital Partners,Rocketpin,Seed
Polymath Ventures,VincuVentas,Seed
Primary Ventures,CredSimple,Debt Financing
Alaya Capital Partners,Quiena,Seed
Primary Ventures,Reonomy,Venture - Series Unknown
FCP Emprendimiento e Innovación SP,Triciclos,Venture - Series Unknown
MOV Investimentos,Triciclos,Venture - Series Unknown
Primary Venture Partners,K Health,Seed
Primary Ventures,K Health,Seed
T2M Capital,Mycroft,Seed
Polymath Ventures,VincuVentas,Pre-Seed
FCP Emprendimiento e Innovación SP,Kingo,Series B
FCP Emprendimiento e Innovación SP,Choice Holdings,Series D
FCP Emprendimiento e Innovación SP,Choice Holdings,Series D
FCP Emprendimiento e Innovación SP,Choice Holdings,Series C
Scale Capital,FRACTTAL,Series A
FCP Emprendimiento e Innovación SP,PlayVox,Series A
FCP Emprendimiento e Innovación SP,Reciclados Industriales,Series A
FCP Emprendimiento e Innovación SP,Tekpea,Convertible Note
Primary Ventures,Social Change Rewards,Venture - Series Unknown
Alaya Capital Partners,Welii,Seed
FCP Emprendimiento e Innovación SP,ERCO,Series A
FCP Emprendimiento e Innovación SP,OutSmart Power Systems,Convertible Note
Scale Capital,Pick1,Seed
Primary Ventures,Maple,Series A
Alaya Capital Partners,123Seguro,Seed
Mercado Libre Fund,123Seguro,Seed
T2M Capital,Granos Andinos de Colombia,Seed
Primary Ventures,Puerto Finanzas,Seed
T2M Capital,Soul Tree Wine,Venture - Series Unknown
Alaya Capital Partners,Chattigo,Seed
FCP Emprendimiento e Innovación SP,Telemetrik,Series A
Angel Ventures,Rocket.La,Seed
T2M Capital,Rocket.La,Seed
T2M Capital,Pi Labs,Venture - Series Unknown
FCP Emprendimiento e Innovación SP,Tekpea,Series A
Scale Capital,46 Degrees Technologies,Seed
Scale Capital,Mediastream,Series A
T2M Capital,Senseta,Venture - Series Unknown
Scale Capital,Inbenta,Series A
Angel Ventures,Rocket.La,Convertible Note
T2M Capital,Rocket.La,Convertible Note
e.Bricks Ventures,Contabilizei,Series B
Kaszek Ventures,Contabilizei,Series B
Quona Capital,Contabilizei,Series B
Mountain Nazca,albo,Series A
Omidyar Network,albo,Series A
DILA Capital,Kinedu,Series A
IGNIA,Kinedu,Series A
Promotora Social México,Kinedu,Series A
Omidyar Network,Agenda Edu,Seed
Monashees,BizCapital,Series A
Quona Capital,BizCapital,Series A
Elevar Equity,Airtm,Seed
IGNIA,Airtm,Seed
Elevar Equity,Afluenta,Series B
IGNIA,Afluenta,Series B
Kaszek Ventures,Konfio,Series C
Quona Capital,Konfio,Series C
Monashees,Neon,Series A
Omidyar Network,Neon,Series A
Quona Capital,Neon,Series A
Elevar Equity,Grupo Vi-Da,Series A
Omidyar Network,Grupo Vi-Da,Series A
IGNIA,Lumbrera,Series A
Omidyar Network,Lumbrera,Series A
Elevar Equity,Afluenta,Series C
Mercado Libre Fund,Mandaê,Series B
Monashees,Mandaê,Series B
Performa Investimentos,Mandaê,Series B
Omidyar Network,GuiaBolso,Series D
FCP Emprendimiento e Innovación SP,Triciclos,Venture - Series Unknown
MOV Investimentos,Triciclos,Venture - Series Unknown
e.Bricks Ventures,Editora Sanar,Series A
Vox Capital,Editora Sanar,Series A
Kaszek Ventures,Creditas,Series C
Quona Capital,Creditas,Series C
Vox Capital,Avante,Series A
Kaszek Ventures,Konfio,Series A
Quona Capital,Konfio,Series A
IGNIA,Lumbrera,Series B
Omidyar Network,Lumbrera,Series B
Quona Capital,InvoiNet,Venture - Series Unknown
Performa Investimentos,GlobalYeast,Series A
Quona Capital,InvoiNet,Venture - Series Unknown
Performa Investimentos,Enalta,Private Equity
Vox Capital,ToLife,Series A
Kaszek Ventures,Creditas,Series A
Quona Capital,Creditas,Series A
Redpoint eventures,Creditas,Series A
DILA Capital,Kinedu,Convertible Note
Promotora Social México,Kinedu,Convertible Note
Kaszek Ventures,Konfio,Series B
Quona Capital,Konfio,Series B
Elevar Equity,Afluenta,Series B
Pomona Impact,Billpocket,Venture - Series Unknown
Omidyar Network,Colab.re,Series A
Quona Capital,Creditas,Series A
Redpoint eventures,Creditas,Series A
Performa Investimentos,eStoks,Seed
Performa Investimentos,ProRadis,Series A
Vox Capital,ProRadis,Series A
Performa Investimentos,BoaConsulta,Seed
Performa Investimentos,Hometeka,Seed
Quona Capital,Exten,Series A
e.Bricks Ventures,GuiaBolso,Series B
Kaszek Ventures,GuiaBolso,Series B
Omidyar Network,GuiaBolso,Series B
Kaszek Ventures,Creditas,Series B
Quona Capital,Creditas,Series B
Redpoint eventures,Creditas,Series B
Pomona Impact,ePesos,Venture - Series Unknown
Omidyar Network,Geekie,Series B
Elevar Equity,Tienda Nube,Series B
IGNIA,Tienda Nube,Series B
Kaszek Ventures,Tienda Nube,Series B
Omidyar Network,Suyo,Venture - Series Unknown
Elevar Equity,Credex,Venture - Series Unknown
Performa Investimentos,Contech,Convertible Note
Kaszek Ventures,Digital House,Series B
Omidyar Network,Digital House,Series B
ALLVP,Médica Santa Carmen,Series A
Promotora Social México,Médica Santa Carmen,Series A
Kaszek Ventures,Dr.Consulta,Series C
Omidyar Network,Dr.Consulta,Series C
Vox Capital,Avante,Series C
Performa Investimento,Intelipost,Seed
Alaya Capital Partners,MyHotel.com.es,Seed
